Workbook

Sheet Biology
A1: StudentID | B1: Student name | C1: Exam name | D1: Exam date | E1: Exam points | F1: Strengths/weakness
A2: 1001 | B2: James Walker | C2: Biology | D2: 05/06/2016 | E2: 31 | F2: =IF(E2>=60,1,0) -> 0
A3: 1002 | B3: Velma Clemons | C3: Biology | D3: 05/06/2016 | E3: 43 | F3: =IF(E3>=60,1,0) -> 0
A4: 1003 | B4: Kibo Underwood | C4: Biology | D4: 05/06/2016 | E4: 81 | F4: =IF(E4>=60,1,0) -> 1
A5: 1004 | B5: Louis Mcgee | C5: Biology | D5: 05/06/2016 | E5: 11 | F5: =IF(E5>=60,1,0) -> 0
A6: 1005 | B6: Phyllis Paul | C6: Biology | D6: 05/06/2016 | E6: 18 | F6: =IF(E6>=60,1,0) -> 0
A7: 1006 | B7: Zenaida Decker | C7: Biology | D7: 05/06/2016 | E7: 55 | F7: =IF(E7>=60,1,0) -> 0
A8: 1007 | B8: Gillian Tillman | C8: Biology | D8: 05/06/2016 | E8: 38 | F8: =IF(E8>=60,1,0) -> 0
A9: 1008 | B9: Constance Boone | C9: Biology | D9: 05/06/2016 | E9: 16 | F9: =IF(E9>=60,1,0) -> 0
A10: 1009 | B10: Giselle Lancaster | C10: Biology | D10: 05/06/2016 | E10: 73 | F10: =IF(E10>=60,1,0) -> 1
A11: 1010 | B11: Kirsten Mcdowell | C11: Biology | D11: 05/06/2016 | E11: 16 | F11: =IF(E11>=60,1,0) -> 0
A12: 1011 | B12: Solomon Ray | C12: Biology | D12: 05/06/2016 | E12: 23 | F12: =IF(E12>=60,1,0) -> 0
A13: 1012 | B13: John Marshall | C13: Biology | D13: 05/06/2016 | E13: 55 | F13: =IF(E13>=60,1,0) -> 0
... A39: 1038 | B39: Yoshi Sherman | C39: Biology | D39: 05/06/2016 | E39: 48 | F39: =IF(E39>=60,1,0) -> 0

Sheet Chemistry
A1: StudentID | B1: Student name | C1: Exam name | D1: Exam date | E1: Exam points | F1: Strengths/weakness
A2: 1001 | B2: James Walker | C2: Chemistry | D2: 15/06/2016 | E2: 52 | F2: =IF(E2>=60,1,0) -> 0
A3: 1002 | B3: Velma Clemons | C3: Chemistry | D3: 15/06/2016 | E3: 20 | F3: =IF(E3>=60,1,0) -> 0
A4: 1003 | B4: Kibo Underwood | C4: Chemistry | D4: 15/06/2016 | E4: 32 | F4: =IF(E4>=60,1,0) -> 0
A5: 1004 | B5: Louis Mcgee | C5: Chemistry | D5: 15/06/2016 | E5: 19 | F5: =IF(E5>=60,1,0) -> 0
A6: 1005 | B6: Phyllis Paul | C6: Chemistry | D6: 15/06/2016 | E6: 61 | F6: =IF(E6>=60,1,0) -> 1
A7: 1006 | B7: Zenaida Decker | C7: Chemistry | D7: 15/06/2016 | E7: 34 | F7: =IF(E7>=60,1,0) -> 0
A8: 1007 | B8: Gillian Tillman | C8: Chemistry | D8: 15/06/2016 | E8: 9 | F8: =IF(E8>=60,1,0) -> 0
A9: 1008 | B9: Constance Boone | C9: Chemistry | D9: 15/06/2016 | E9: 22 | F9: =IF(E9>=60,1,0) -> 0
A10: 1009 | B10: Giselle Lancaster | C10: Chemistry | D10: 15/06/2016 | E10: 46 | F10: =IF(E10>=60,1,0) -> 0
A11: 1010 | B11: Kirsten Mcdowell | C11: Chemistry | D11: 15/06/2016 | E11: 100 | F11: =IF(E11>=60,1,0) -> 1
A12: 1011 | B12: Solomon Ray | C12: Chemistry | D12: 15/06/2016 | E12: 92 | F12: =IF(E12>=60,1,0) -> 1
A13: 1012 | B13: John Marshall | C13: Chemistry | D13: 15/06/2016 | E13: 1 | F13: =IF(E13>=60,1,0) -> 0
... A28: 1027 | B28: Quinn Mayo | C28: Chemistry | D28: 15/06/2016 | E28: 38 | F28: =IF(E28>=60,1,0) -> 0

Sheet Mathematics
A1: StudentID | B1: Student name | C1: Exam name | D1: Exam date | E1: Exam points | F1: Strengths/weakness
A2: 1001 | B2: James Walker | C2: Mathematics | D2: 29/07/2016 | E2: 48 | F2: =IF(E2>=60,1,0) -> 0
A3: 1002 | B3: Velma Clemons | C3: Mathematics | D3: 29/07/2016 | E3: 5 | F3: =IF(E3>=60,1,0) -> 0
A4: 1003 | B4: Kibo Underwood | C4: Mathematics | D4: 29/07/2016 | E4: 7 | F4: =IF(E4>=60,1,0) -> 0
A5: 1004 | B5: Louis Mcgee | C5: Mathematics | D5: 29/07/2016 | E5: 70 | F5: =IF(E5>=60,1,0) -> 1
A6: 1005 | B6: Phyllis Paul | C6: Mathematics | D6: 29/07/2016 | E6: 73 | F6: =IF(E6>=60,1,0) -> 1
A7: 1006 | B7: Zenaida Decker | C7: Mathematics | D7: 29/07/2016 | E7: 59 | F7: =IF(E7>=60,1,0) -> 0
A8: 1007 | B8: Gillian Tillman | C8: Mathematics | D8: 29/07/2016 | E8: 23 | F8: =IF(E8>=60,1,0) -> 0
A9: 1008 | B9: Constance Boone | C9: Mathematics | D9: 29/07/2016 | E9: 72 | F9: =IF(E9>=60,1,0) -> 1
A10: 1009 | B10: Giselle Lancaster | C10: Mathematics | D10: 29/07/2016 | E10: 31 | F10: =IF(E10>=60,1,0) -> 0
A11: 1010 | B11: Kirsten Mcdowell | C11: Mathematics | D11: 29/07/2016 | E11: 74 | F11: =IF(E11>=60,1,0) -> 1
A12: 1011 | B12: Solomon Ray | C12: Mathematics | D12: 29/07/2016 | E12: 91 | F12: =IF(E12>=60,1,0) -> 1
A13: 1012 | B13: John Marshall | C13: Mathematics | D13: 29/07/2016 | E13: 53 | F13: =IF(E13>=60,1,0) -> 0
... A38: 1037 | B38: Nasim Sampson | C38: Mathematics | D38: 29/07/2016 | E38: 51 | F38: =IF(E38>=60,1,0) -> 0

Sheet Philosophy
A1: StudentID | B1: Student name | C1: Exam name | D1: Exam date | E1: Exam points | F1: Strengths/weakness
A2: 1001 | B2: James Walker | C2: Philosophy | D2: 02/06/2016 | E2: 35 | F2: =IF(E2>=60,1,0) -> 0
A3: 1002 | B3: Velma Clemons | C3: Philosophy | D3: 02/06/2016 | E3: 66 | F3: =IF(E3>=60,1,0) -> 1
A4: 1003 | B4: Kibo Underwood | C4: Philosophy | D4: 02/06/2016 | E4: 29 | F4: =IF(E4>=60,1,0) -> 0
A5: 1004 | B5: Louis Mcgee | C5: Philosophy | D5: 02/06/2016 | E5: 91 | F5: =IF(E5>=60,1,0) -> 1
A6: 1005 | B6: Phyllis Paul | C6: Philosophy | D6: 02/06/2016 | E6: 63 | F6: =IF(E6>=60,1,0) -> 1
A7: 1006 | B7: Zenaida Decker | C7: Philosophy | D7: 02/06/2016 | E7: 16 | F7: =IF(E7>=60,1,0) -> 0
A8: 1007 | B8: Gillian Tillman | C8: Philosophy | D8: 02/06/2016 | E8: 10 | F8: =IF(E8>=60,1,0) -> 0
A9: 1008 | B9: Constance Boone | C9: Philosophy | D9: 02/06/2016 | E9: 23 | F9: =IF(E9>=60,1,0) -> 0
A10: 1009 | B10: Giselle Lancaster | C10: Philosophy | D10: 02/06/2016 | E10: 72 | F10: =IF(E10>=60,1,0) -> 1
A11: 1010 | B11: Kirsten Mcdowell | C11: Philosophy | D11: 02/06/2016 | E11: 93 | F11: =IF(E11>=60,1,0) -> 1
A12: 1011 | B12: Solomon Ray | C12: Philosophy | D12: 02/06/2016 | E12: 10 | F12: =IF(E12>=60,1,0) -> 0
A13: 1012 | B13: John Marshall | C13: Philosophy | D13: 02/06/2016 | E13: 99 | F13: =IF(E13>=60,1,0) -> 1
... A39: 1038 | B39: Yoshi Sherman | C39: Philosophy | D39: 02/06/2016 | E39: 52 | F39: =IF(E39>=60,1,0) -> 0

Sheet Physics
A1: StudentID | B1: Student name | C1: Exam name | D1: Exam date | E1: Exam points | F1: Strengths/weakness
A2: 1001 | B2: James Walker | C2: Physics | D2: 10/06/2016 | E2: 69 | F2: =IF(E2>=60,1,0) -> 1
A3: 1002 | B3: Velma Clemons | C3: Physics | D3: 10/06/2016 | E3: 95 | F3: =IF(E3>=60,1,0) -> 1
A4: 1003 | B4: Kibo Underwood | C4: Physics | D4: 10/06/2016 | E4: 33 | F4: =IF(E4>=60,1,0) -> 0
A5: 1004 | B5: Louis Mcgee | C5: Physics | D5: 10/06/2016 | E5: 76 | F5: =IF(E5>=60,1,0) -> 1
A6: 1005 | B6: Phyllis Paul | C6: Physics | D6: 10/06/2016 | E6: 20 | F6: =IF(E6>=60,1,0) -> 0
A7: 1006 | B7: Zenaida Decker | C7: Physics | D7: 10/06/2016 | E7: 10 | F7: =IF(E7>=60,1,0) -> 0
A8: 1007 | B8: Gillian Tillman | C8: Physics | D8: 10/06/2016 | E8: 72 | F8: =IF(E8>=60,1,0) -> 1
A9: 1008 | B9: Constance Boone | C9: Physics | D9: 10/06/2016 | E9: 80 | F9: =IF(E9>=60,1,0) -> 1
A10: 1009 | B10: Giselle Lancaster | C10: Physics | D10: 10/06/2016 | E10: 22 | F10: =IF(E10>=60,1,0) -> 0
A11: 1010 | B11: Kirsten Mcdowell | C11: Physics | D11: 10/06/2016 | E11: 8 | F11: =IF(E11>=60,1,0) -> 0
A12: 1011 | B12: Solomon Ray | C12: Physics | D12: 10/06/2016 | E12: 100 | F12: =IF(E12>=60,1,0) -> 1
A13: 1012 | B13: John Marshall | C13: Physics | D13: 10/06/2016 | E13: 49 | F13: =IF(E13>=60,1,0) -> 0
... A22: 1021 | B22: Noelle Valentine | C22: Physics | D22: 10/06/2016 | E22: 26 | F22: =IF(E22>=60,1,0) -> 0

Sheet Sociology
A1: StudentID | B1: Student name | C1: Exam name | D1: Exam date | E1: Exam points | F1: Strengths/weakness
A2: 1001 | B2: James Walker | C2: Sociology | D2: 21/06/2016 | E2: 70 | F2: =IF(E2>=60,1,0) -> 1
A3: 1002 | B3: Velma Clemons | C3: Sociology | D3: 21/06/2016 | E3: 37 | F3: =IF(E3>=60,1,0) -> 0
A4: 1003 | B4: Kibo Underwood | C4: Sociology | D4: 21/06/2016 | E4: 68 | F4: =IF(E4>=60,1,0) -> 1
A5: 1004 | B5: Louis Mcgee | C5: Sociology | D5: 21/06/2016 | E5: 60 | F5: =IF(E5>=60,1,0) -> 1
A6: 1005 | B6: Phyllis Paul | C6: Sociology | D6: 21/06/2016 | E6: 98 | F6: =IF(E6>=60,1,0) -> 1
A7: 1006 | B7: Zenaida Decker | C7: Sociology | D7: 21/06/2016 | E7: 20 | F7: =IF(E7>=60,1,0) -> 0
A8: 1007 | B8: Gillian Tillman | C8: Sociology | D8: 21/06/2016 | E8: 32 | F8: =IF(E8>=60,1,0) -> 0
A9: 1008 | B9: Constance Boone | C9: Sociology | D9: 21/06/2016 | E9: 40 | F9: =IF(E9>=60,1,0) -> 0
A10: 1009 | B10: Giselle Lancaster | C10: Sociology | D10: 21/06/2016 | E10: 97 | F10: =IF(E10>=60,1,0) -> 1
A11: 1010 | B11: Kirsten Mcdowell | C11: Sociology | D11: 21/06/2016 | E11: 1 | F11: =IF(E11>=60,1,0) -> 0
A12: 1011 | B12: Solomon Ray | C12: Sociology | D12: 21/06/2016 | E12: 6 | F12: =IF(E12>=60,1,0) -> 0
A13: 1012 | B13: John Marshall | C13: Sociology | D13: 21/06/2016 | E13: 39 | F13: =IF(E13>=60,1,0) -> 0
... A40: 1039 | B40: Stacy Small | C40: Sociology | D40: 21/06/2016 | E40: 96 | F40: =IF(E40>=60,1,0) -> 1

Sheet Additional Details
A1: Student name | B1: StudentID | C1: Age | D1: Gender | E1: Ethnicity | F1: ParentalEducation | G1: StudyTimeWeekly | H1: Absences | I1: Tutoring | J1: ParentalSupport | K1: Extracurricular | L1: Sports | M1: Music | N1: Volunteering | O1: GPA | P1: GradeClass
A2: James Walker | B2: 1001 | C2: 17 | D2: 1 | E2: 0 | F2: 2 | G2: 19.833723 | H2: 7 | I2: 1 | J2: 2 | K2: 0 | L2: 0 | M2: 1 | N2: 0 | O2: 2.9291956 | P2: 2
A3: Velma Clemons | B3: 1002 | C3: 18 | D3: 0 | E3: 0 | F3: 1 | G3: 15.408756 | H3: 0 | I3: 0 | J3: 1 | K3: 0 | L3: 0 | M3: 0 | N3: 0 | O3: 3.0429148 | P3: 1
A4: Kibo Underwood | B4: 1003 | C4: 15 | D4: 0 | E4: 2 | F4: 3 | G4: 4.2105698 | H4: 26 | I4: 0 | J4: 2 | K4: 0 | L4: 0 | M4: 0 | N4: 0 | O4: 0.11260225 | P4: 4
A5: Louis Mcgee | B5: 1004 | C5: 17 | D5: 1 | E5: 0 | F5: 3 | G5: 10.028829 | H5: 14 | I5: 0 | J5: 3 | K5: 1 | L5: 0 | M5: 0 | N5: 0 | O5: 2.0542181 | P5: 3
A6: Phyllis Paul | B6: 1005 | C6: 17 | D6: 1 | E6: 0 | F6: 2 | G6: 4.6724953 | H6: 17 | I6: 1 | J6: 3 | K6: 0 | L6: 0 | M6: 0 | N6: 0 | O6: 1.2880612 | P6: 4
A7: Zenaida Decker | B7: 1006 | C7: 18 | D7: 0 | E7: 0 | F7: 1 | G7: 8.1912185 | H7: 0 | I7: 0 | J7: 1 | K7: 1 | L7: 0 | M7: 0 | N7: 0 | O7: 3.0841836 | P7: 1
A8: Gillian Tillman | B8: 1007 | C8: 15 | D8: 0 | E8: 1 | F8: 1 | G8: 15.60168 | H8: 10 | I8: 0 | J8: 3 | K8: 0 | L8: 1 | M8: 0 | N8: 0 | O8: 2.7482374 | P8: 2
A9: Constance Boone | B9: 1008 | C9: 15 | D9: 1 | E9: 1 | F9: 4 | G9: 15.424496 | H9: 22 | I9: 1 | J9: 1 | K9: 1 | L9: 0 | M9: 0 | N9: 0 | O9: 1.3601427 | P9: 4
A10: Giselle Lancaster | B10: 1009 | C10: 17 | D10: 0 | E10: 0 | F10: 0 | G10: 4.5620076 | H10: 1 | I10: 0 | J10: 2 | K10: 0 | L10: 1 | M10: 0 | N10: 1 | O10: 2.8968192 | P10: 2
A11: Kirsten Mcdowell | B11: 1010 | C11: 16 | D11: 1 | E11: 0 | F11: 1 | G11: 18.444466 | H11: 0 | I11: 0 | J11: 3 | K11: 1 | L11: 0 | M11: 0 | N11: 0 | O11: 3.5734742 | P11: 0
A12: Solomon Ray | B12: 1011 | C12: 17 | D12: 0 | E12: 0 | F12: 1 | G12: 11.851364 | H12: 11 | I12: 0 | J12: 1 | K12: 0 | L12: 0 | M12: 0 | N12: 0 | O12: 2.1471716 | P12: 3
A13: John Marshall | B13: 1012 | C13: 17 | D13: 0 | E13: 0 | F13: 1 | G13: 7.5984858 | H13: 15 | I13: 0 | J13: 2 | K13: 0 | L13: 0 | M13: 0 | N13: 1 | O13: 1.5595945 | P13: 4
... A40: Stacy Small | B40: 1039 | C40: 15 | D40: 1 | E40: 1 | F40: 1 | G40: 2.9490783 | H40: 3 | I40: 1 | J40: 1 | K40: 1 | L40: 1 | M40: 0 | N40: 0 | O40: 3.0189059 | P40: 1

Sheet Final Report
A8: Students Name | B8: James Walker
A11: Subjects | B11: Marks
A12: Biology | B12: =INDEX(INDIRECT("'"&A12&"'!E:E"),MATCH($B$8,INDIRECT("'"&A12&"'!B:B"),0)) -> 31
A13: Chemistry | B13: =INDEX(INDIRECT("'"&A13&"'!E:E"),MATCH($B$8,INDIRECT("'"&A13&"'!B:B"),0)) -> 52
A14: Mathematics | B14: =INDEX(INDIRECT("'"&A14&"'!E:E"),MATCH($B$8,INDIRECT("'"&A14&"'!B:B"),0)) -> 48
A15: Philosophy | B15: =INDEX(INDIRECT("'"&A15&"'!E:E"),MATCH($B$8,INDIRECT("'"&A15&"'!B:B"),0)) -> 35
A16: Physics | B16: =INDEX(INDIRECT("'"&A16&"'!E:E"),MATCH($B$8,INDIRECT("'"&A16&"'!B:B"),0)) -> 69
A17: Sociology | B17: =INDEX(INDIRECT("'"&A17&"'!E:E"),MATCH($B$8,INDIRECT("'"&A17&"'!B:B"),0)) -> 70
A18: Total | B18: =SUM(B12:B17) -> 305
A21: Absences | B21: =INDEX('Additional Details'!H:H,MATCH($B$8,'Additional Details'!A:A,0)) -> 7
A22: Average Presence | B22: =(30-B21)/30*100 -> 76.666667
A23: Average Absences | B23: =(B21/30)*100 -> 23.333333
A26: Study Time Weekly | B26: =INDEX('Additional Details'!G:G,MATCH($B$8,'Additional Details'!A:A,0)) -> 19.833723
A27: Average Monthly | B27: =AVERAGE(B26)*4 -> 79.334891
A30: Subjects | B30: Stength and Weakness
A31: Biology | B31: =INDEX(INDIRECT(Biology!C2& "!F:F"), MATCH($B8, INDIRECT(Biology!C2 & "!B:B"), 0)) -> 0
A32: Chemistry | B32: =INDEX(INDIRECT(Chemistry!C3& "!F:F"), MATCH($B8, INDIRECT(Chemistry!C3 & "!B:B"), 0)) -> 0
A33: Mathematics | B33: =INDEX(INDIRECT(Mathematics!C2& "!F:F"), MATCH($B8, INDIRECT(Mathematics!C2 & "!B:B"), 0)) -> 0
A34: Philosophy | B34: =INDEX(INDIRECT(Philosophy!C2& "!F:F"), MATCH($B8, INDIRECT(Philosophy!C2 & "!B:B"), 0)) -> 0
A35: Physics | B35: =INDEX(INDIRECT(Physics!C2& "!F:F"), MATCH($B8, INDIRECT(Physics!C2& "!B:B"), 0)) -> 1
A36: Sociology | B36: =INDEX(INDIRECT(Sociology!C2& "!F:F"), MATCH($B8, INDIRECT(Sociology!C2 & "!B:B"), 0)) -> 1
